﻿pos_x,pos_y,rotation,side,designator,mpn,pack,footprint,value,mount_type
257.0,-84.2,180.0,top,C201,,,C_0603_1608Metric,0.1uF,smt
252.5,-87.6,0.0,top,C202,,,C_0603_1608Metric,0.1uF,smt
246.0,-87.6,0.0,top,C203,,,C_0805_2012Metric,10uF,smt
252.2,-56.0,180.0,top,C204,,,C_0805_2012Metric,1uF,smt
180.75,-110.25,90.0,top,C205,,,C_0603_1608Metric,0.1uF,smt
184.0,-110.25,90.0,top,C206,,,C_0805_2012Metric,10uF,smt
243.4,-82.9,-90.0,top,C207,,,C_0805_2012Metric,2.2uF,smt
171.25,-112.5,-90.0,top,C208,,,C_0805_2012Metric,10uF,smt
247.0,-60.5,90.0,top,C301,,,C_0603_1608Metric,0.1uF,smt
243.6,-56.1,90.0,top,C302,,,C_0603_1608Metric,0.1uF,smt
145.75,-130.5,0.0,top,C401,,,C_0805_2012Metric,10uF,smt
145.5,-127.0,0.0,top,C402,,,C_0805_2012Metric,1uF,smt
155.5,-111.0,0.0,top,C403,,,C_0805_2012Metric,10uF,smt
127.0,-65.25,-90.0,top,C404,,,C_0603_1608Metric,0.1uF,smt
140.75,-115.25,180.0,top,C405,,,C_0603_1608Metric,0.1uF,smt
140.25,-126.5,180.0,top,C406,,,C_0805_2012Metric,1uF,smt
140.5,-111.75,0.0,top,C407,,,C_0805_2012Metric,4.7uF,smt
164.6,-109.9,90.0,top,C408,,,C_0603_1608Metric,0.1uF,smt
168.4,-101.3,180.0,top,C409,,,C_0603_1608Metric,1000pF,smt
171.9,-104.1,90.0,top,C410,,,C_0603_1608Metric,0.1uF,smt
202.25,-60.5,180.0,top,C501,,,C_0603_1608Metric,0.1uF,smt
210.1,-69.6,0.0,top,C502,,,C_0603_1608Metric,0.1uF,smt
130.77,-92.29,90.0,top,D401,,,TO-220-3_Horizontal_TabUp,MBR3060FCT,tht
248.1,-74.8,180.0,top,FB201,,,L_0805_2012Metric,MH2029-601Y,smt
257.75,-72.5,90.0,top,J201,,,USB_C_5077CR-16-SMC2-BK-TR,USB4105-GF-A,smt
227.0,-120.5,0.0,top,J301,,,FingerTouchPad_34x35mm,FingerTouchPad,smt
84.08,-88.4,-90.0,top,J401,,,TB112-2-2-3-E-1 Terminal Block,Screw_Terminal_3P,tht
84.08,-71.15,-90.0,top,J402,,,TB112-2-2-3-E-1 Terminal Block,Screw_Terminal_3P,tht
198.42,-55.5,0.0,top,J501,,,FanPinHeader_1x04_P2.54mm_Vertical,4PIN FANCTL,tht
249.3,-82.9,0.0,top,Q201,,,MSOP-8_3x3mm_P0.65mm,IRF7606PBF,smt
130.77,-105.54,90.0,top,Q401,,,TO-220-3_Horizontal_TabUp,IRF530,tht
202.25,-67.5,-90.0,top,Q501,,,SOT-23,2N7002K,smt
197.5625,-64.5,0.0,top,Q502,,,SOT-23,SSM3J332R,smt
256.925,-81.2,0.0,top,R201,,,R_0603_1608Metric,10K,smt
257.3,-61.3,90.0,top,R202,,,R_0603_1608Metric,1K,smt
172.75,-107.25,0.0,top,R203,,,R_0603_1608Metric,75K 1%,smt
176.25,-107.25,0.0,top,R204,,,R_0603_1608Metric,10K 1%,smt
247.1,-71.9,-90.0,top,R205,,,R_0603_1608Metric,10K,smt
244.5,-79.6,0.0,top,R206,,,R_0603_1608Metric,10K,smt
243.7,-60.6,-90.0,top,R301,,,R_0603_1608Metric,10K,smt
206.3,-69.6,180.0,top,R302,,,R_0603_1608Metric,10K,smt
219.0,-77.8,180.0,bottom,R303,,,R_0603_1608Metric,150R,smt
210.0,-56.2,180.0,top,R304,,,R_0603_1608Metric,150R,smt
222.2,-89.8,90.0,top,R305,,,R_0603_1608Metric,10K,smt
145.75,-133.75,0.0,top,R401,,,R_0603_1608Metric,10K 1%,smt
130.0,-55.75,-90.0,top,R402,,,R_0603_1608Metric,10K,smt
127.0,-55.75,-90.0,top,R403,,,R_0603_1608Metric,10K,smt
134.25,-55.75,-90.0,top,R404,,,R_0603_1608Metric,10K,smt
145.5,-123.75,180.0,top,R405,,,R_0603_1608Metric,1K 1%,smt
140.25,-123.75,180.0,top,R406,,,R_0603_1608Metric,2K 1%,smt
137.5,-112.25,90.0,top,R407,,,R_0603_1608Metric,100,smt
130.5,-72.0,180.0,top,R408,,,R_10mOHM,10m,smt
130.5,-76.0,180.0,top,R409,,,R_10mOHM,10m,smt
160.0,-110.9,0.0,top,R410,,,R_0603_1608Metric,10K 1%,smt
168.4,-95.1,0.0,top,R411,,,R_0603_1608Metric,1K 1%,smt
168.4,-98.2,180.0,top,R412,,,R_0603_1608Metric,1K 1%,smt
210.1,-59.75,180.0,top,R501,,,R_0603_1608Metric,1k,smt
202.25,-63.25,180.0,top,R502,,,R_0603_1608Metric,10K,smt
197.5625,-68.75,0.0,top,R503,,,R_0603_1608Metric,10K,smt
210.1,-63.0,0.0,top,R504,,,R_0603_1608Metric,100,smt
210.1,-66.4,0.0,top,R505,,,R_0603_1608Metric,10K,smt
202.2,-72.0,180.0,top,SW301,,,WS-TASV SMT Tact Switch,3.5x2.6 Tact SW,smt
248.75,-92.8,180.0,top,U201,,,SOT-223-3_TabPin2,LD1117S33TR,smt
251.8,-61.45,-90.0,top,U202,,,ESSOP-10_3.9x4.9mm_P1.00mm,CH224K,smt
176.25,-110.25,180.0,top,U203,,,SOT-23-5,SPX3819M5-L,smt
227.0,-60.65,180.0,bottom,U301,,,ESP32-S3-WROOM-1_EXP,ESP32-S3-WROOM-1-N16R8,smt
227.0,-69.5,180.0,top,U302,,,OLED SSD1331 SPI DISPLAY,SSD1331_DISPLAY,tht
140.25,-119.5,0.0,top,U401,,,SOT-23-5,TSB611ILT,smt
130.25,-63.0,-90.0,top,U402,,,VSSOP-10_3x3mm_P0.5mm,INA228,smt
154.02,-106.3,0.0,top,U403,,,TO-220-3_Horizontal_TabDown,LM35-NEB,tht
168.4,-105.9,0.0,top,U404,,,SOT-23-5,TSB611ILT,smt
