﻿Designator,Quantity,Value,Footprint,Package,MPN,DNP,Mount_Type,Description,digikey,storeURL,distributor,Sim.Device,Sim.Type,Sim.Pins
"C201, C202, C205, C301, C302, C404, C405, C408, C410, C501, C502",11,0.1uF,C_0603_1608Metric,,,,smt,"[C404,C405,C408,C410]Unpolarized capacitor; [C502]C_SMD_0603_1608_0.1uF",311-1343-1-ND,https://www.digikey.com/en/products/detail/yageo/CC0603MRX7R7BB104/5195231,https://www.digikey.com/en/products/detail/yageo/CC0603ZRY5V9BB104/2103081,,,
"C203, C206, C208, C401, C403",5,10uF,C_0805_2012Metric,,,,smt,Unpolarized capacitor,311-3494-1-ND,https://www.digikey.com/en/products/detail/yageo/CC0603MRX5R8BB106/7164378,"[C203]https://www.digikey.com/en/products/detail/yageo/CC0603MRX5R8BB106/7164378; [C206,C208]https://www.digikey.com/en/products/detail/murata-electronics/GRM21BR61C106KE15K/2546903",,,
"C204, C402, C406",3,1uF,C_0805_2012Metric,,,,smt,Unpolarized capacitor,,,,,,
C207,1,2.2uF,C_0805_2012Metric,,,,smt,,,,,,,
C407,1,4.7uF,C_0805_2012Metric,,,,smt,Unpolarized capacitor,,,,,,
C409,1,1000pF,C_0603_1608Metric,,,,smt,Unpolarized capacitor,,,,,,
D401,1,MBR3060FCT,TO-220-3_Horizontal_TabUp,,,,tht,"Dual Schottky diode, common anode on pin 1",,,,,,
FB201,1,MH2029-601Y,L_0805_2012Metric,,,,smt,Ferrite bead,MH2029-601YCT-ND,,https://www.digikey.com/en/products/detail/bourns-inc/MH2029-601Y/3741762,,,
J201,1,USB4105-GF-A,USB_C_5077CR-16-SMC2-BK-TR,,,,smt,USB 2.0-only Type-C Receptacle connector,2073-USB4105-GF-ACT-ND,,https://www.digikey.com/en/products/detail/gct/USB4105-GF-A/11198441,,,
J301,1,FingerTouchPad,FingerTouchPad_34x35mm,,,,smt,Finger  Touch Pad 7x7dot,,,,,,
"J401, J402",2,Screw_Terminal_3P,TB112-2-2-3-E-1 Terminal Block,,,,tht,"Generic screw terminal, single row, 01x03, script generated (kicad-library-utils/schlib/autogen/connector/)",,,,,,
J501,1,4PIN FANCTL,FanPinHeader_1x04_P2.54mm_Vertical,,,,tht,"Generic connector, single row, 01x04, script generated",,,,,,
Q201,1,IRF7606PBF,MSOP-8_3x3mm_P0.65mm,,,,smt,,,,,,,
Q401,1,IRF530,TO-220-3_Horizontal_TabUp,,,,tht,"100A Ids, 100 Vds, N-channel POWER MOSFET, TO-220",,,,,,
Q501,1,2N7002K,SOT-23,,,,smt,,,,,,,
Q502,1,SSM3J332R,SOT-23,,,,smt,MOSFET P-CH 30V 6A SOT23F,,,,PMOS,VDMOS,1=D 2=G 3=S
"R201, R205, R206, R301, R302, R305, R402, R403, R404, R502, R503, R505",12,10K,R_0603_1608Metric,,,,smt,"[R201]Resistor_SMD_0603_1608; [R301,R302,R305,R402,R403,R404]Resistor","[R201]311-5.1KGRCT-ND; [R301,R302]13-RC0603JR-1010KLCT-ND",,"[R201]https://www.digikey.com/en/products/detail/yageo/RC0603JR-075K1L/726796; [R301,R302]https://www.digikey.com/en/products/detail/yageo/RC0603JR-1010KL/13694233; [R305,R402,R403,R404]https://www.digikey.jp/en/products/detail/yageo/RC0603JR-1010KL/13694233",,,
R202,1,1K,R_0603_1608Metric,,,,smt,,,,,,,
R203,1,75K 1%,R_0603_1608Metric,,,,smt,,,,https://www.digikey.jp/en/products/detail/yageo/RC0603FR-0720KL/727040,,,
"R204, R401, R410",3,10K 1%,R_0603_1608Metric,,,,smt,Resistor_SMD:R_0805_2012Metric,,,https://www.digikey.com/en/products/detail/yageo/RC0603FR-0712KL/726913,,,
"R303, R304",2,150R,R_0603_1608Metric,,,,smt,Resistor,13-RC0603JR-1010KLCT-ND,,https://www.digikey.com/en/products/detail/yageo/RC0603JR-1010KL/13694233,,,
"R405, R411, R412",3,1K 1%,R_0603_1608Metric,,,,smt,Resistor_SMD:R_0805_2012Metric,,,,,,
R406,1,2K 1%,R_0603_1608Metric,,,,smt,Resistor_SMD:R_0805_2012Metric,,,,,,
"R407, R504",2,100,R_0603_1608Metric,,,,smt,Resistor_SMD:R_0805_2012Metric,,,,,,
"R408, R409",2,10m,R_10mOHM,,,,smt,Resistor 10mOhm,,,https://akizukidenshi.com/catalog/g/gP-01886/,,,
R501,1,1k,R_0603_1608Metric,,,,smt,,,,,,,
SW301,1,3.5x2.6 Tact SW,WS-TASV SMT Tact Switch,,,,smt,WS-TASV SMT Tact Switch,732-435151014824CT-ND,,https://www.digikey.com/en/products/detail/w%C3%BCrth-elektronik/435151014824/11627325,,,
TP-PAD401,1,GND,TestPoint_Pad_3.2x1.6mm,,,,tht,test point,,,,,,
TP201,1,+3.3V,TestPoint_Pad_D1.0mm,,,,tht,test point,,,,,,
TP202,1,VBUS,TestPoint_Pad_D1.0mm,,,,tht,test point,,,,,,
TP203,1,+12V,TestPoint_Pad_D1.0mm,,,,tht,test point,,,,,,
TP301,1,RESET,TestPoint_Pad_D1.0mm,,,,tht,test point,,,,,,
TP302,1,BOOT,TestPoint_Pad_D1.0mm,,,,tht,test point,,,,,,
TP401,1,PWM,TestPoint_Pad_D1.0mm,,,,tht,test point,,,,,,
TP402,1,SET-Vr,TestPoint_Pad_D1.0mm,,,,tht,test point,,,,,,
TP403,1,Vfb,TestPoint_Pad_D1.0mm,,,,tht,test point,,,,,,
TP404,1,OP-VCC,TestPoint_Pad_D1.0mm,,,,tht,test point,,,,,,
"TP405, TP406, TP407, TP408, TP409",5,GND,TestPoint_Pad_D1.0mm,,,,tht,test point,,,,,,
TP410,1,Vgs,TestPoint_Pad_D1.0mm,,,,tht,test point,,,,,,
U201,1,LD1117S33TR,SOT-223-3_TabPin2,,,,smt,"800mA Fixed Low Drop Positive Voltage Regulator, Fixed Output 3.3V, SOT-223",497-1242-1-ND,https://www.digikey.com/en/products/detail/stmicroelectronics/LD1117S33TR/585766,https://www.digikey.com/en/products/detail/stmicroelectronics/LD1117S33TR/585766,,,
U202,1,CH224K,ESSOP-10_3.9x4.9mm_P1.00mm,,,,smt,,,,,,,
U203,1,SPX3819M5-L,SOT-23-5,,,,smt,,,,https://www.digikey.com/en/products/detail/maxlinear-inc/SPX3819M5-L-TR/2472388,,,
U301,1,ESP32-S3-WROOM-1-N16R8,ESP32-S3-WROOM-1_EXP,,,,smt,,1965-ESP32-S3-WROOM-1-N16R8CT-ND,,https://www.digikey.com/en/products/detail/espressif-systems/ESP32-S3-WROOM-1-N16R8/16162642,,,
U302,1,SSD1331_DISPLAY,OLED SSD1331 SPI DISPLAY,,,,tht,OLED 128x64 SSD1306_DISPLAY I2C IF,,,https://akizukidenshi.com/catalog/g/gP-14435/,,,
"U401, U404",2,TSB611ILT,SOT-23-5,,,,smt,"1 MHz, Low-Power Op Amp, SC-70-5",,,,,,
U402,1,INA228,VSSOP-10_3x3mm_P0.5mm,,,,smt,"High-Side or Low-Side Measurement, Bi-Directional Current and Power Monitor (0-85V) with I2C Compatible Interface, VSSOP-10",,,https://www.digikey.com/en/products/detail/texas-instruments/INA228AIDGSR/13691042,,,
U403,1,LM35-NEB,TO-220-3_Horizontal_TabDown,,,,tht,"Precision centigrade temperature sensor, TO-220",,,,,,
